FECHA,COVID_LLAMADOS,CASOS_SOSPECHOSOS,CASOS_DESCARTADOS_COVID,CASOS_TRASLADADOS,CASOS_DERIVADOS
03DEC2020:00:00:00,176,4,172,0,0
04DEC2020:00:00:00,155,6,149,0,3
05DEC2020:00:00:00,123,18,105,0,4
06DEC2020:00:00:00,84,14,70,0,1
07DEC2020:00:00:00,92,1,91,0,0
08DEC2020:00:00:00,122,22,100,0,4
09DEC2020:00:00:00,275,14,261,0,5
10DEC2020:00:00:00,192,9,183,1,5
11DEC2020:00:00:00,220,15,205,0,8
12DEC2020:00:00:00,143,14,129,0,2
13DEC2020:00:00:00,105,6,99,0,1
14DEC2020:00:00:00,285,10,275,0,3
15DEC2020:00:00:00,286,16,270,1,5
16DEC2020:00:00:00,325,10,315,0,3
17DEC2020:00:00:00,306,5,301,0,1
18DEC2020:00:00:00,356,7,349,0,2
19DEC2020:00:00:00,168,19,149,0,0
20DEC2020:00:00:00,198,17,181,0,1
21DEC2020:00:00:00,370,10,360,0,3
22DEC2020:00:00:00,411,9,402,1,3
23DEC2020:00:00:00,441,8,433,0,1
24DEC2020:00:00:00,224,22,202,0,2
25DEC2020:00:00:00,222,19,203,0,0
26DEC2020:00:00:00,196,27,169,0,1
27DEC2020:00:00:00,360,4,356,0,1
28DEC2020:00:00:00,632,14,618,1,2
29DEC2020:00:00:00,602,12,590,0,5
30DEC2020:00:00:00,585,14,571,0,3
31DEC2020:00:00:00,275,4,271,0,2
01JAN2021:00:00:00,255,19,236,0,2
02JAN2021:00:00:00,294,21,273,0,0
03JAN2021:00:00:00,281,23,258,0,2
04JAN2021:00:00:00,754,24,730,0,5
05JAN2021:00:00:00,634,18,616,0,4
06JAN2021:00:00:00,754,19,735,1,6
07JAN2021:00:00:00,721,11,710,0,7
08JAN2021:00:00:00,624,14,610,0,3
09JAN2021:00:00:00,310,28,282,0,5
10JAN2021:00:00:00,270,27,243,0,2
11JAN2021:00:00:00,705,11,694,0,2
12JAN2021:00:00:00,553,13,540,0,5
13JAN2021:00:00:00,661,19,642,0,6
14JAN2021:00:00:00,549,12,537,0,1
15JAN2021:00:00:00,630,11,619,0,1
16JAN2021:00:00:00,305,33,272,0,4
17JAN2021:00:00:00,247,24,223,0,2
18JAN2021:00:00:00,558,8,550,0,4
19JAN2021:00:00:00,554,22,532,0,8
20JAN2021:00:00:00,463,11,452,0,3
21JAN2021:00:00:00,486,7,479,0,3
22JAN2021:00:00:00,490,16,474,0,6
23JAN2021:00:00:00,230,19,211,0,1
24JAN2021:00:00:00,166,13,153,0,0
25JAN2021:00:00:00,590,17,573,1,8
26JAN2021:00:00:00,518,15,503,0,7
27JAN2021:00:00:00,548,11,537,0,5
28JAN2021:00:00:00,506,20,486,0,8
29JAN2021:00:00:00,502,13,489,0,3
30JAN2021:00:00:00,271,23,248,0,1
31JAN2021:00:00:00,323,21,302,0,2
01FEB2021:00:00:00,501,18,483,0,4
02FEB2021:00:00:00,407,11,396,0,3
03FEB2021:00:00:00,430,11,419,0,3
04FEB2021:00:00:00,374,13,361,0,3
05FEB2021:00:00:00,343,8,335,0,4
06FEB2021:00:00:00,132,12,120,0,0
07FEB2021:00:00:00,172,17,155,0,3
08FEB2021:00:00:00,495,15,480,0,5
09FEB2021:00:00:00,398,10,388,0,3
10FEB2021:00:00:00,408,6,402,0,3
11FEB2021:00:00:00,379,8,371,0,2
12FEB2021:00:00:00,346,4,342,0,1
13FEB2021:00:00:00,253,24,229,0,5
14FEB2021:00:00:00,125,15,110,0,6
15FEB2021:00:00:00,226,13,213,0,0
16FEB2021:00:00:00,223,5,218,0,2
17FEB2021:00:00:00,524,13,511,0,3
18FEB2021:00:00:00,413,5,408,0,2
19FEB2021:00:00:00,670,8,662,0,2
20FEB2021:00:00:00,216,10,206,0,0
21FEB2021:00:00:00,139,9,130,0,1
22FEB2021:00:00:00,571,9,562,0,3
23FEB2021:00:00:00,444,12,432,0,2
24FEB2021:00:00:00,461,7,454,0,2
25FEB2021:00:00:00,443,16,427,0,6
26FEB2021:00:00:00,416,12,404,0,2
27FEB2021:00:00:00,181,21,160,0,2
28FEB2021:00:00:00,195,24,171,0,3
01MAR2021:00:00:00,428,7,421,0,3
02MAR2021:00:00:00,322,3,319,0,1
03MAR2021:00:00:00,360,13,347,0,5
04MAR2021:00:00:00,409,12,397,0,2
05MAR2021:00:00:00,377,10,367,0,5
06MAR2021:00:00:00,150,18,132,0,3
07MAR2021:00:00:00,137,10,127,0,0
08MAR2021:00:00:00,399,4,395,0,2
09MAR2021:00:00:00,348,9,339,0,1
10MAR2021:00:00:00,438,15,423,0,3
11MAR2021:00:00:00,386,9,377,0,3
12MAR2021:00:00:00,419,18,401,0,6
13MAR2021:00:00:00,327,17,310,0,1
14MAR2021:00:00:00,334,22,312,0,2
15MAR2021:00:00:00,547,4,543,0,2
16MAR2021:00:00:00,459,5,454,0,0
17MAR2021:00:00:00,383,4,379,0,1
18MAR2021:00:00:00,467,8,459,0,1
19MAR2021:00:00:00,457,17,440,0,3
20MAR2021:00:00:00,231,10,221,0,1
21MAR2021:00:00:00,273,14,259,0,1
22MAR2021:00:00:00,489,8,481,0,2
23MAR2021:00:00:00,572,13,559,0,2
24MAR2021:00:00:00,488,22,466,0,3
25MAR2021:00:00:00,555,9,546,0,3
26MAR2021:00:00:00,512,17,495,0,5
27MAR2021:00:00:00,565,18,547,0,1
28MAR2021:00:00:00,507,21,486,0,1
29MAR2021:00:00:00,784,11,773,0,3
30MAR2021:00:00:00,837,12,825,0,3
31MAR2021:00:00:00,781,25,756,0,5
01APR2021:00:00:00,325,2,323,0,0
02APR2021:00:00:00,555,25,530,0,4
03APR2021:00:00:00,373,24,349,0,2
04APR2021:00:00:00,608,29,579,0,2
05APR2021:00:00:00,1062,23,1039,0,6
06APR2021:00:00:00,1098,28,1070,0,9
07APR2021:00:00:00,1217,35,1182,0,10
08APR2021:00:00:00,1123,22,1101,0,7
09APR2021:00:00:00,1023,31,992,0,7
10APR2021:00:00:00,709,40,669,0,4
11APR2021:00:00:00,710,13,697,0,2
12APR2021:00:00:00,1188,36,1152,0,9
13APR2021:00:00:00,1138,36,1102,0,4
14APR2021:00:00:00,1010,34,976,0,8
15APR2021:00:00:00,949,37,912,0,8
16APR2021:00:00:00,958,37,921,0,6
17APR2021:00:00:00,551,31,520,0,5
18APR2021:00:00:00,518,31,487,0,5
19APR2021:00:00:00,1239,32,1207,0,8
20APR2021:00:00:00,1080,35,1045,0,5
21APR2021:00:00:00,1021,14,1007,0,7
22APR2021:00:00:00,1022,0,1022,0,4
23APR2021:00:00:00,959,1,958,0,2
24APR2021:00:00:00,596,1,595,0,0
25APR2021:00:00:00,375,5,370,0,0
26APR2021:00:00:00,857,16,841,0,3
28APR2021:00:00:00,821,45,776,0,14
29APR2021:00:00:00,813,29,784,0,10
30APR2021:00:00:00,756,30,726,0,7
01MAY2021:00:00:00,426,24,402,0,2
02MAY2021:00:00:00,467,18,449,0,3
03MAY2021:00:00:00,980,30,950,0,10
04MAY2021:00:00:00,830,30,800,0,10
05MAY2021:00:00:00,732,28,704,0,4
06MAY2021:00:00:00,656,17,639,0,5
07MAY2021:00:00:00,726,27,699,0,8
08MAY2021:00:00:00,445,36,409,0,5
09MAY2021:00:00:00,407,45,362,0,9
10MAY2021:00:00:00,770,43,727,0,12
11MAY2021:00:00:00,626,27,599,0,8
12MAY2021:00:00:00,729,22,707,0,6
13MAY2021:00:00:00,628,40,588,0,7
14MAY2021:00:00:00,698,32,666,0,13
15MAY2021:00:00:00,429,34,395,0,9
16MAY2021:00:00:00,333,32,301,0,6
17MAY2021:00:00:00,704,28,676,0,8
18MAY2021:00:00:00,723,34,689,0,12
19MAY2021:00:00:00,664,27,637,0,5
20MAY2021:00:00:00,657,32,625,0,4
21MAY2021:00:00:00,664,32,632,0,6
22MAY2021:00:00:00,526,28,498,0,4
23MAY2021:00:00:00,471,20,451,0,2
24MAY2021:00:00:00,485,25,460,0,6
25MAY2021:00:00:00,433,17,416,0,3
26MAY2021:00:00:00,774,38,736,0,12
27MAY2021:00:00:00,688,38,650,0,7
28MAY2021:00:00:00,642,47,595,0,10
29MAY2021:00:00:00,361,19,342,0,4
30MAY2021:00:00:00,360,33,327,0,6
31MAY2021:00:00:00,378,12,366,0,1
02JUN2021:00:00:00,646,26,620,0,4
17MAR2020:00:00:00,4426,1461,2965,1461,67
18MAR2020:00:00:00,2239,166,2073,4,3
19MAR2020:00:00:00,2347,204,2143,15,22
20MAR2020:00:00:00,2404,167,2237,24,27
21MAR2020:00:00:00,1303,163,1140,22,26
22MAR2020:00:00:00,1429,135,1294,25,24
23MAR2020:00:00:00,1489,159,1330,26,31
24MAR2020:00:00:00,1366,179,1187,27,35
25MAR2020:00:00:00,1738,191,1547,17,25
26MAR2020:00:00:00,1682,194,1488,26,35
27MAR2020:00:00:00,1680,227,1453,24,48
28MAR2020:00:00:00,1207,180,1027,17,17
29MAR2020:00:00:00,875,153,722,16,14
30MAR2020:00:00:00,1127,198,929,28,26
31MAR2020:00:00:00,848,296,552,39,26
01APR2020:00:00:00,1011,263,748,67,26
02APR2020:00:00:00,877,119,758,10,18
03APR2020:00:00:00,691,109,582,1,22
04APR2020:00:00:00,729,272,457,18,25
05APR2020:00:00:00,582,200,382,7,5
06APR2020:00:00:00,733,124,609,9,14
07APR2020:00:00:00,647,123,524,4,8
08APR2020:00:00:00,611,123,488,6,12
09APR2020:00:00:00,573,103,470,9,8
10APR2020:00:00:00,517,183,334,5,12
11APR2020:00:00:00,428,143,285,2,7
12APR2020:00:00:00,424,157,267,0,7
13APR2020:00:00:00,499,124,375,6,10
14APR2020:00:00:00,393,84,309,2,4
15APR2020:00:00:00,360,95,265,4,11
16APR2020:00:00:00,450,152,298,3,6
17APR2020:00:00:00,521,185,336,4,17
18APR2020:00:00:00,430,236,194,1,11
19APR2020:00:00:00,318,181,137,8,16
20APR2020:00:00:00,388,24,364,0,11
21APR2020:00:00:00,418,128,290,0,12
22APR2020:00:00:00,380,57,323,6,22
23APR2020:00:00:00,339,52,287,4,16
24APR2020:00:00:00,450,178,272,1,12
25APR2020:00:00:00,199,37,162,1,16
26APR2020:00:00:00,163,24,139,3,11
27APR2020:00:00:00,333,76,257,2,20
28APR2020:00:00:00,238,37,201,0,5
29APR2020:00:00:00,331,113,218,0,12
30APR2020:00:00:00,356,163,193,0,11
01MAY2020:00:00:00,145,28,117,0,9
02MAY2020:00:00:00,75,14,61,0,8
03MAY2020:00:00:00,91,12,79,0,5
04MAY2020:00:00:00,201,24,177,1,11
05MAY2020:00:00:00,325,168,157,1,10
06MAY2020:00:00:00,157,21,136,2,17
07MAY2020:00:00:00,207,48,159,0,18
08MAY2020:00:00:00,195,31,164,1,18
09MAY2020:00:00:00,259,182,77,4,13
10MAY2020:00:00:00,156,73,83,1,4
11MAY2020:00:00:00,267,25,242,5,11
12MAY2020:00:00:00,254,26,228,1,17
13MAY2020:00:00:00,240,18,222,0,9
14MAY2020:00:00:00,359,154,205,2,12
15MAY2020:00:00:00,242,21,221,1,6
16MAY2020:00:00:00,197,114,83,4,9
17MAY2020:00:00:00,100,34,66,1,12
18MAY2020:00:00:00,418,119,299,3,23
19MAY2020:00:00:00,337,33,304,0,19
20MAY2020:00:00:00,357,69,288,1,19
21MAY2020:00:00:00,506,136,370,2,15
22MAY2020:00:00:00,523,31,492,2,17
23MAY2020:00:00:00,221,65,156,1,9
24MAY2020:00:00:00,410,221,189,9,15
25MAY2020:00:00:00,367,186,181,8,10
26MAY2020:00:00:00,399,38,361,4,26
27MAY2020:00:00:00,481,71,410,3,21
28MAY2020:00:00:00,611,239,372,1,19
29MAY2020:00:00:00,465,98,367,0,14
30MAY2020:00:00:00,194,32,162,4,11
31MAY2020:00:00:00,280,157,123,7,8
01JUN2020:00:00:00,395,23,372,4,18
02JUN2020:00:00:00,436,24,412,6,12
03JUN2020:00:00:00,417,33,384,3,15
04JUN2020:00:00:00,418,27,391,2,12
05JUN2020:00:00:00,411,34,377,3,14
06JUN2020:00:00:00,280,58,222,2,20
07JUN2020:00:00:00,451,247,204,15,19
08JUN2020:00:00:00,517,52,465,2,23
09JUN2020:00:00:00,545,129,416,5,16
10JUN2020:00:00:00,659,136,523,2,23
11JUN2020:00:00:00,510,92,418,4,17
12JUN2020:00:00:00,716,189,527,1,20
13JUN2020:00:00:00,238,61,177,1,15
14JUN2020:00:00:00,257,39,218,1,8
15JUN2020:00:00:00,292,78,214,4,10
16JUN2020:00:00:00,38,6,32,0,5
17JUN2020:00:00:00,708,49,659,4,29
18JUN2020:00:00:00,54,3,51,0,4
23JUN2020:00:00:00,775,70,705,5,27
24JUN2020:00:00:00,754,70,684,5,22
25JUN2020:00:00:00,723,84,639,1,24
26JUN2020:00:00:00,680,92,588,3,23
27JUN2020:00:00:00,492,185,307,2,11
28JUN2020:00:00:00,284,60,224,4,15
29JUN2020:00:00:00,702,87,615,1,20
30JUN2020:00:00:00,620,45,575,2,19
01JUL2020:00:00:00,670,129,541,2,24
02JUL2020:00:00:00,611,58,553,1,29
03JUL2020:00:00:00,510,27,483,0,11
04JUL2020:00:00:00,367,47,320,5,14
05JUL2020:00:00:00,345,52,293,1,20
06JUL2020:00:00:00,711,146,565,1,20
07JUL2020:00:00:00,512,92,420,1,12
08JUL2020:00:00:00,547,36,511,5,19
09JUL2020:00:00:00,304,41,263,1,6
10JUL2020:00:00:00,219,22,197,1,7
11JUL2020:00:00:00,372,126,246,1,5
12JUL2020:00:00:00,259,21,238,1,4
13JUL2020:00:00:00,677,42,635,0,20
14JUL2020:00:00:00,552,115,437,2,15
15JUL2020:00:00:00,133,58,75,1,14
16JUL2020:00:00:00,151,79,72,1,19
17JUL2020:00:00:00,151,34,117,4,10
18JUL2020:00:00:00,42,41,1,1,12
19JUL2020:00:00:00,52,35,17,5,10
20JUL2020:00:00:00,100,59,41,3,15
21JUL2020:00:00:00,65,65,0,3,12
22JUL2020:00:00:00,127,126,1,2,14
23JUL2020:00:00:00,30,29,1,1,11
24JUL2020:00:00:00,112,112,0,2,7
25JUL2020:00:00:00,22,21,1,0,2
26JUL2020:00:00:00,16,16,0,0,2
27JUL2020:00:00:00,96,96,0,3,8
28JUL2020:00:00:00,35,35,0,0,9
29JUL2020:00:00:00,29,28,1,1,17
30JUL2020:00:00:00,390,29,361,1,9
31JUL2020:00:00:00,582,98,484,1,8
01AUG2020:00:00:00,343,61,282,0,9
02AUG2020:00:00:00,381,24,357,1,6
03AUG2020:00:00:00,787,39,748,1,12
04AUG2020:00:00:00,764,41,723,4,17
05AUG2020:00:00:00,735,33,702,0,19
06AUG2020:00:00:00,652,30,622,2,12
07AUG2020:00:00:00,629,28,601,2,8
08AUG2020:00:00:00,292,17,275,0,3
09AUG2020:00:00:00,331,23,308,0,3
10AUG2020:00:00:00,816,42,774,2,15
11AUG2020:00:00:00,744,128,616,5,7
12AUG2020:00:00:00,726,70,656,1,11
13AUG2020:00:00:00,721,34,687,0,12
14AUG2020:00:00:00,690,29,661,3,10
15AUG2020:00:00:00,340,35,305,0,3
16AUG2020:00:00:00,351,29,322,0,6
17AUG2020:00:00:00,370,28,342,0,5
18AUG2020:00:00:00,677,29,648,2,8
19AUG2020:00:00:00,610,30,580,1,10
20AUG2020:00:00:00,712,39,673,1,10
21AUG2020:00:00:00,648,33,615,3,15
22AUG2020:00:00:00,373,60,313,1,6
23AUG2020:00:00:00,362,27,335,0,5
24AUG2020:00:00:00,846,96,750,1,8
25AUG2020:00:00:00,673,39,634,3,16
26AUG2020:00:00:00,717,41,676,1,14
27AUG2020:00:00:00,654,35,619,4,16
28AUG2020:00:00:00,689,35,654,3,5
29AUG2020:00:00:00,399,28,371,1,7
30AUG2020:00:00:00,410,45,365,0,5
31AUG2020:00:00:00,714,27,687,3,9
01SEP2020:00:00:00,578,35,543,3,11
02SEP2020:00:00:00,627,36,591,1,9
03SEP2020:00:00:00,642,31,611,2,8
04SEP2020:00:00:00,613,40,573,3,16
05SEP2020:00:00:00,270,23,247,0,6
06SEP2020:00:00:00,213,13,200,0,2
07SEP2020:00:00:00,781,37,744,3,11
08SEP2020:00:00:00,711,37,674,2,12
09SEP2020:00:00:00,623,27,596,1,13
10SEP2020:00:00:00,520,19,501,1,6
11SEP2020:00:00:00,502,23,479,1,2
12SEP2020:00:00:00,300,27,273,0,8
13SEP2020:00:00:00,334,34,300,0,9
14SEP2020:00:00:00,540,24,516,0,8
15SEP2020:00:00:00,516,21,495,1,7
16SEP2020:00:00:00,477,32,445,5,8
17SEP2020:00:00:00,480,28,452,1,11
18SEP2020:00:00:00,490,21,469,3,7
19SEP2020:00:00:00,193,21,172,0,5
20SEP2020:00:00:00,189,18,171,0,1
21SEP2020:00:00:00,454,24,430,1,7
22SEP2020:00:00:00,479,34,445,2,12
23SEP2020:00:00:00,486,37,449,3,13
24SEP2020:00:00:00,424,20,404,2,5
25SEP2020:00:00:00,459,23,436,3,10
26SEP2020:00:00:00,246,30,216,0,4
27SEP2020:00:00:00,298,157,141,0,6
28SEP2020:00:00:00,455,31,424,3,8
29SEP2020:00:00:00,442,46,396,2,5
30SEP2020:00:00:00,432,20,412,0,11
01OCT2020:00:00:00,453,62,391,0,5
02OCT2020:00:00:00,366,23,343,1,8
03OCT2020:00:00:00,194,38,156,0,2
04OCT2020:00:00:00,241,70,171,0,4
05OCT2020:00:00:00,431,23,408,0,11
06OCT2020:00:00:00,395,14,381,2,4
07OCT2020:00:00:00,383,22,361,1,8
08OCT2020:00:00:00,399,20,379,2,5
09OCT2020:00:00:00,401,22,379,0,5
10OCT2020:00:00:00,196,23,173,0,3
11OCT2020:00:00:00,205,18,187,0,0
12OCT2020:00:00:00,210,32,178,0,2
13OCT2020:00:00:00,400,15,385,2,3
14OCT2020:00:00:00,401,20,381,0,6
15OCT2020:00:00:00,400,20,380,1,6
16OCT2020:00:00:00,393,27,366,0,7
17OCT2020:00:00:00,167,9,158,0,2
18OCT2020:00:00:00,118,19,99,0,2
19OCT2020:00:00:00,382,20,362,0,3
20OCT2020:00:00:00,320,13,307,1,4
21OCT2020:00:00:00,320,17,303,1,7
22OCT2020:00:00:00,297,22,275,0,10
23OCT2020:00:00:00,316,20,296,1,6
24OCT2020:00:00:00,201,18,183,0,3
25OCT2020:00:00:00,167,12,155,0,1
26OCT2020:00:00:00,293,15,278,2,3
27OCT2020:00:00:00,289,13,276,2,3
28OCT2020:00:00:00,276,16,260,2,8
29OCT2020:00:00:00,242,4,238,1,2
30OCT2020:00:00:00,268,6,262,0,3
31OCT2020:00:00:00,100,10,90,0,5
01NOV2020:00:00:00,81,10,71,0,0
02NOV2020:00:00:00,295,11,284,1,3
03NOV2020:00:00:00,249,14,235,2,3
04NOV2020:00:00:00,226,10,216,0,5
05NOV2020:00:00:00,234,7,227,0,3
06NOV2020:00:00:00,218,11,207,1,2
07NOV2020:00:00:00,119,12,107,0,0
08NOV2020:00:00:00,112,20,92,0,0
09NOV2020:00:00:00,292,13,279,2,5
10NOV2020:00:00:00,244,8,236,0,3
11NOV2020:00:00:00,223,5,218,0,2
12NOV2020:00:00:00,225,10,215,1,4
13NOV2020:00:00:00,238,12,226,0,3
14NOV2020:00:00:00,117,11,106,0,1
15NOV2020:00:00:00,96,5,91,0,0
16NOV2020:00:00:00,332,13,319,1,6
17NOV2020:00:00:00,270,13,257,1,4
18NOV2020:00:00:00,260,15,245,1,6
19NOV2020:00:00:00,282,8,274,0,3
20NOV2020:00:00:00,235,6,229,0,2
21NOV2020:00:00:00,110,12,98,0,2
22NOV2020:00:00:00,102,12,90,0,1
23NOV2020:00:00:00,143,18,125,0,1
24NOV2020:00:00:00,250,6,244,0,3
25NOV2020:00:00:00,228,11,217,2,1
26NOV2020:00:00:00,174,8,166,0,3
27NOV2020:00:00:00,191,23,168,0,4
28NOV2020:00:00:00,97,6,91,0,1
29NOV2020:00:00:00,81,15,66,0,1
30NOV2020:00:00:00,187,11,176,0,2
01DEC2020:00:00:00,213,11,202,0,2
02DEC2020:00:00:00,168,11,157,0,6
03JUN2021:00:00:00,683,36,647,0,4
04JUN2021:00:00:00,634,21,613,0,4
05JUN2021:00:00:00,523,29,494,0,1
06JUN2021:00:00:00,457,37,420,0,3
07JUN2021:00:00:00,595,22,573,0,2
08JUN2021:00:00:00,568,31,537,0,7
09JUN2021:00:00:00,570,31,539,0,6
10JUN2021:00:00:00,502,26,476,0,3
11JUN2021:00:00:00,489,20,469,0,4
12JUN2021:00:00:00,293,30,263,0,2
13JUN2021:00:00:00,251,18,233,0,2
14JUN2021:00:00:00,557,19,538,0,1
15JUN2021:00:00:00,501,31,470,0,12
16JUN2021:00:00:00,478,22,456,0,6
17JUN2021:00:00:00,445,12,433,0,4
18JUN2021:00:00:00,391,21,370,0,5
19JUN2021:00:00:00,394,28,366,0,1
20JUN2021:00:00:00,334,30,304,0,5
21JUN2021:00:00:00,343,45,298,0,5
22JUN2021:00:00:00,416,24,392,0,7
23JUN2021:00:00:00,356,27,329,0,5
24JUN2021:00:00:00,390,17,373,0,4
25JUN2021:00:00:00,349,19,330,0,3
26JUN2021:00:00:00,253,27,226,0,9
27JUN2021:00:00:00,217,8,209,0,3
28JUN2021:00:00:00,54,5,49,0,1
29JUN2021:00:00:00,54,5,49,0,1
30JUN2021:00:00:00,54,5,49,0,1
01JUL2021:00:00:00,54,5,49,0,1
02JUL2021:00:00:00,341,27,314,0,5
03JUL2021:00:00:00,317,21,296,0,3
04JUL2021:00:00:00,308,29,279,0,2
05JUL2021:00:00:00,349,23,326,0,4
06JUL2021:00:00:00,318,10,308,0,4
07JUL2021:00:00:00,319,13,306,0,2
08JUL2021:00:00:00,418,12,406,0,1
09JUL2021:00:00:00,225,15,210,0,1
10JUL2021:00:00:00,191,13,178,0,0
11JUL2021:00:00:00,168,10,158,0,3
12JUL2021:00:00:00,341,10,331,0,4
13JUL2021:00:00:00,311,15,296,0,4
14JUL2021:00:00:00,394,15,379,0,2
15JUL2021:00:00:00,335,12,323,0,3
16JUL2021:00:00:00,354,14,340,0,4
17JUL2021:00:00:00,111,5,106,0,3
18JUL2021:00:00:00,187,7,180,0,0
19JUL2021:00:00:00,283,18,265,0,5
20JUL2021:00:00:00,260,11,249,0,2
21JUL2021:00:00:00,261,10,251,0,2
22JUL2021:00:00:00,323,17,306,0,5
23JUL2021:00:00:00,284,13,271,0,0
24JUL2021:00:00:00,171,10,161,0,2
25JUL2021:00:00:00,137,16,121,0,0
26JUL2021:00:00:00,235,11,224,0,4
27JUL2021:00:00:00,218,17,201,0,3
28JUL2021:00:00:00,235,9,226,0,2
29JUL2021:00:00:00,193,11,182,0,5
30JUL2021:00:00:00,291,10,281,0,3
31JUL2021:00:00:00,201,17,184,0,5
01AUG2021:00:00:00,228,20,208,0,1
02AUG2021:00:00:00,229,8,221,0,0
03AUG2021:00:00:00,204,13,191,0,2
04AUG2021:00:00:00,242,14,228,0,3
05AUG2021:00:00:00,269,5,264,0,1
06AUG2021:00:00:00,286,7,279,0,0
07AUG2021:00:00:00,167,4,163,0,0
08AUG2021:00:00:00,131,8,123,0,0
09AUG2021:00:00:00,304,18,286,0,7
10AUG2021:00:00:00,269,12,257,0,1
11AUG2021:00:00:00,279,11,268,0,2
12AUG2021:00:00:00,245,9,236,0,2
13AUG2021:00:00:00,273,5,268,0,1
14AUG2021:00:00:00,193,12,181,0,2
15AUG2021:00:00:00,157,10,147,0,2
16AUG2021:00:00:00,319,18,301,0,2
17AUG2021:00:00:00,272,8,264,0,2
18AUG2021:00:00:00,291,8,283,0,1
19AUG2021:00:00:00,280,15,265,0,2
20AUG2021:00:00:00,239,5,234,0,1
21AUG2021:00:00:00,108,17,91,0,2
22AUG2021:00:00:00,68,11,57,0,1
23AUG2021:00:00:00,259,12,247,0,4
24AUG2021:00:00:00,200,11,189,0,4
25AUG2021:00:00:00,184,13,171,0,5
26AUG2021:00:00:00,177,9,168,0,3
27AUG2021:00:00:00,180,12,168,0,0
28AUG2021:00:00:00,224,7,217,0,0
29AUG2021:00:00:00,220,6,214,0,2
30AUG2021:00:00:00,255,16,239,0,5
31AUG2021:00:00:00,157,14,143,0,5
01SEP2021:00:00:00,226,12,214,0,4
02SEP2021:00:00:00,262,14,248,0,5
03SEP2021:00:00:00,262,10,252,0,1
04SEP2021:00:00:00,110,5,105,0,1
05SEP2021:00:00:00,114,5,109,0,1
06SEP2021:00:00:00,275,14,261,0,3
07SEP2021:00:00:00,177,13,164,0,3
08SEP2021:00:00:00,199,14,185,0,5
09SEP2021:00:00:00,164,7,157,0,3
10SEP2021:00:00:00,122,3,119,0,4
11SEP2021:00:00:00,94,19,75,0,3
12SEP2021:00:00:00,76,16,60,0,2
13SEP2021:00:00:00,121,6,115,0,0
14SEP2021:00:00:00,123,10,113,0,2
15SEP2021:00:00:00,156,9,147,0,1
16SEP2021:00:00:00,151,13,138,0,4
17SEP2021:00:00:00,223,6,217,0,1
18SEP2021:00:00:00,115,8,107,0,0
19SEP2021:00:00:00,60,6,54,0,2
20SEP2021:00:00:00,123,7,116,0,0
21SEP2021:00:00:00,112,3,109,0,0
22SEP2021:00:00:00,81,3,78,0,0
23SEP2021:00:00:00,79,8,71,0,3
24SEP2021:00:00:00,72,6,66,0,1
25SEP2021:00:00:00,94,13,81,0,1
26SEP2021:00:00:00,84,6,78,0,0
27SEP2021:00:00:00,112,2,110,0,0
28SEP2021:00:00:00,100,10,90,0,2
29SEP2021:00:00:00,106,5,101,0,0
30SEP2021:00:00:00,80,7,73,0,3
01OCT2021:00:00:00,136,8,128,0,1
02OCT2021:00:00:00,40,2,38,0,0
03OCT2021:00:00:00,52,1,51,0,0
04OCT2021:00:00:00,197,5,192,0,1
05OCT2021:00:00:00,110,6,104,0,1
06OCT2021:00:00:00,132,5,127,0,1
07OCT2021:00:00:00,151,8,143,0,0
08OCT2021:00:00:00,79,11,68,0,1
09OCT2021:00:00:00,92,3,89,0,1
10OCT2021:00:00:00,64,11,53,0,0
11OCT2021:00:00:00,110,9,101,0,1
12OCT2021:00:00:00,148,7,141,0,0
13OCT2021:00:00:00,118,3,115,0,0
14OCT2021:00:00:00,154,3,151,0,0
15OCT2021:00:00:00,147,2,145,0,1
16OCT2021:00:00:00,69,7,62,0,0
17OCT2021:00:00:00,52,3,49,0,1
18OCT2021:00:00:00,110,3,107,0,1
19OCT2021:00:00:00,113,4,109,0,2
20OCT2021:00:00:00,83,3,80,0,1
21OCT2021:00:00:00,148,4,144,0,1
22OCT2021:00:00:00,84,4,80,0,0
23OCT2021:00:00:00,56,13,43,0,1
24OCT2021:00:00:00,77,8,69,0,3
25OCT2021:00:00:00,103,1,102,0,1
26OCT2021:00:00:00,87,9,78,0,2
27OCT2021:00:00:00,78,3,75,0,0
28OCT2021:00:00:00,70,4,66,0,0
29OCT2021:00:00:00,87,9,78,0,0
30OCT2021:00:00:00,48,2,46,0,0
31OCT2021:00:00:00,52,3,49,0,1
01NOV2021:00:00:00,134,6,128,0,1
02NOV2021:00:00:00,110,5,105,0,1
03NOV2021:00:00:00,167,8,159,0,2
04NOV2021:00:00:00,107,2,105,0,1
05NOV2021:00:00:00,143,3,140,0,1
06NOV2021:00:00:00,82,4,78,0,1
07NOV2021:00:00:00,95,1,94,0,0
08NOV2021:00:00:00,158,3,155,0,1
09NOV2021:00:00:00,171,8,163,0,3
10NOV2021:00:00:00,174,8,166,0,3
11NOV2021:00:00:00,99,0,99,0,0
12NOV2021:00:00:00,73,10,63,0,2
13NOV2021:00:00:00,99,0,99,0,0
14NOV2021:00:00:00,36,0,36,0,0
15NOV2021:00:00:00,155,9,146,0,1
16NOV2021:00:00:00,137,6,131,0,2
17NOV2021:00:00:00,139,6,133,0,1
18NOV2021:00:00:00,101,2,99,0,1
19NOV2021:00:00:00,89,6,83,0,2
20NOV2021:00:00:00,49,2,47,0,0
21NOV2021:00:00:00,56,4,52,0,3
22NOV2021:00:00:00,81,2,79,0,0
23NOV2021:00:00:00,202,3,199,0,1
24NOV2021:00:00:00,123,3,120,0,0
25NOV2021:00:00:00,129,3,126,0,0
26NOV2021:00:00:00,193,2,191,0,0
27NOV2021:00:00:00,31,2,29,0,0
28NOV2021:00:00:00,7,0,7,0,1
29NOV2021:00:00:00,139,5,134,0,0
30NOV2021:00:00:00,98,2,96,0,0
01DEC2021:00:00:00,56,2,54,0,0
02DEC2021:00:00:00,65,4,61,0,0
03DEC2021:00:00:00,62,5,57,0,0
04DEC2021:00:00:00,54,12,42,0,2
05DEC2021:00:00:00,41,3,38,0,1
06DEC2021:00:00:00,93,5,88,0,0
07DEC2021:00:00:00,61,1,60,0,0
08DEC2021:00:00:00,68,1,67,0,0
09DEC2021:00:00:00,58,2,56,0,0
10DEC2021:00:00:00,91,9,82,0,1
11DEC2021:00:00:00,39,1,38,0,0
12DEC2021:00:00:00,54,5,49,0,1
13DEC2021:00:00:00,22,3,19,0,0
